Standardized Form, Other common forms
Azarya, 'Azarya
Efrayim,Ephraim,Ephrayim
Daud, Dawud, David
Hasan,Hasun,Hassun
Ismail, Isma'il,
Khalfun,Khalaf,Khalluf,Khalfa,Khulayf
Mevorakh,Mevorak
Moshe, Musa
Manasche, Menasche,
Natan,Nathan,Nahum
Netanel,Nethanel,Natanel,Nathaniel
Saadya,Saada,Saadyah,Seadya,
Sadaqa,Sedaqa,Sadaqah,Sadoq
Shelomo,Shmuel,
Shemarya,Shemariah,Shemaya
Sughmar, Sighmar
Tovia,Toviya,Toviyya,Toviyyahu,Tuviyyahu,Tuvya
Yaaqov,Yaqub,Ya'aqov,Ya'akov,Ya'qub
Yehoshua, Yeshua,Yehoshua',Yehoshuaha,Yeshu'a,Yoshua
Yishaq,Yitzhak,Ishaq,Yizhak,Isaac
Yisrael, Israel
Yosef,Joseph,Yusuf,Yehosef


Netanel, Nethanel
Baruk,Baruch,Barukh
Titles:
Abu, Abi
ha-Haver,he-Haver

Locations:
Furat, Fustat, al-Furat
al-Itrabulusi, Atrabulusi
Iskanderani,Iskandrani
Maghribi,Magribi
al-Tahirti, Tahirti,Taherti

al-, l-